Name,Age,Gender,Occupation
Joshua,25,Male,Student
Emily,30,Female,Engineer
Michael,35,Male,Doctor
Sophia,28,Female,Teacher
Daniel,40,Male,Artist
Emma,22,Female,Student
Matthew,45,Male,Accountant
Olivia,27,Female,Software Developer
William,33,Male,Marketing Manager
Ava,29,Female,Writer
Liam,26,Male,Researcher
Isabella,31,Female,Architect
James,38,Male,Lawyer
Mia,24,Female,Graphic Designer
Alexander,29,Male,Entrepreneur
Charlotte,32,Female,HR Manager
Benjamin,34,Male,Financial Analyst
Amelia,27,Female,Data Scientist
Lucas,36,Male,Consultant
Evelyn,23,Female,Pharmacist
Henry,39,Male,Professor
Harper,28,Female,Product Manager
Jack,37,Male,Real Estate Agent
Ella,25,Female,Journalist
Jackson,41,Male,Engineer
Scarlett,26,Female,Event Planner
Aiden,30,Male,Web Developer
Avery,33,Female,Project Manager
Ethan,28,Male,Software Engineer
Luna,29,Female,Marketing Specialist
Carter,42,Male,IT Manager
Chloe,31,Female,Public Relations Specialist
Mason,26,Male,Content Creator
Penelope,27,Female,Financial Planner
Logan,43,Male,Investment Banker
Zoe,30,Female,UX Designer
Gabriel,35,Male,Product Designer
Layla,28,Female,Executive Assistant
Jacob,44,Male,Supply Chain Manager
Sofia,25,Female,Operations Manager
Leo,36,Male,Statistician
Ellie,29,Female,Human Resources Coordinator
...
Lucy,33,Female,Interior Designer
Elijah,47,Male,Physician Assistant
Grace,31,Female,Market Research Analyst
Nicholas,38,Male,Construction Manager
Madison,26,Female,Content Strategist
Sebastian,40,Male,Technical Writer
Hannah,28,Female,Recruiter
Andrew,45,Male,Investment Analyst
Addison,29,Female,Social Media Manager
Nathan,32,Male,Quality Assurance Analyst
Lily,27,Female,Copywriter
Ryan,39,Male,Operations Analyst
Aria,24,Female,UI Designer
David,41,Male,Public Health Analyst
Aurora,30,Female,Community Manager
Brayden,25,Male,Video Editor
Stella,34,Female,Sales Manager
Owen,37,Male,UX Researcher
Leah,29,Female,Brand Manager
Wyatt,43,Male,Database Administrator
Nora,26,Female,Event Coordinator
Luke,35,Male,IT Consultant
Anna,31,Female,Healthcare Administrator
Christian,28,Male,Social Worker
Bella,36,Female,Technical Support Specialist
Joseph,32,Male,Logistics Coordinator
Violet,27,Female,Online Marketing Specialist
Julian,39,Male,Network Engineer
Clara,33,Female,Training Specialist
Gavin,28,Male,Financial Advisor
