Name,Age,Gender,Occupation,Description
Joshua,18,Male,Student,A dedicated student aspiring for excellence.
Emily,30,Female,Engineer,An accomplished engineer passionate about innovation.
Michael,35,Male,Doctor,A compassionate doctor dedicated to saving lives.
Sophia,28,Female,Teacher,A nurturing teacher shaping the minds of tomorrow.
Daniel,40,Male,Artist,A creative artist expressing emotions through art.
Emma,22,Female,Student,A diligent student with a thirst for knowledge.
Matthew,45,Male,Accountant,A meticulous accountant ensuring financial accuracy.
Olivia,27,Female,Software Developer,A skilled software developer crafting digital solutions.
William,33,Male,Marketing Manager,A strategic marketing manager driving business growth.
Ava,29,Female,Writer,A talented writer weaving captivating stories.
Liam,26,Male,Researcher,A curious researcher exploring new frontiers.
Isabella,31,Female,Architect,A visionary architect shaping urban landscapes.
James,38,Male,Lawyer,A proficient lawyer advocating for justice.
Mia,24,Female,Graphic Designer,A creative graphic designer bringing ideas to life.
Alexander,29,Male,Entrepreneur,An ambitious entrepreneur building ventures from ground up.
Charlotte,32,Female,HR Manager,A proficient HR manager fostering a positive workplace culture.
Benjamin,34,Male,Financial Analyst,A detail-oriented financial analyst analyzing market trends.
Amelia,27,Female,Data Scientist,A data scientist unraveling insights from complex datasets.
Lucas,36,Male,Consultant,A strategic consultant providing expert advice.
Evelyn,23,Female,Pharmacist,A dedicated pharmacist ensuring medication safety.
Henry,39,Male,Professor,An insightful professor inspiring future generations.
Harper,28,Female,Product Manager,A dynamic product manager driving product innovation.
Jack,37,Male,Real Estate Agent,A reliable real estate agent helping clients find their dream homes.
Ella,25,Female,Journalist,A passionate journalist uncovering truth through storytelling.
Jackson,41,Male,Engineer,A seasoned engineer solving complex engineering challenges.
Scarlett,26,Female,Event Planner,A meticulous event planner orchestrating memorable events.
Aiden,30,Male,Web Developer,A skilled web developer crafting user-friendly websites.
Avery,33,Female,Project Manager,A proactive project manager delivering projects on time.
Ethan,28,Male,Software Engineer,A talented software engineer building scalable software solutions.
Luna,29,Female,Marketing Specialist,A dynamic marketing specialist driving brand visibility.
Carter,42,Male,IT Manager,A proficient IT manager ensuring smooth operations.
Chloe,31,Female,Public Relations Specialist,A strategic PR specialist managing brand reputation.
Mason,26,Male,Content Creator,A creative content creator producing engaging content.
Penelope,27,Female,Financial Planner,A diligent financial planner securing financial futures.
Logan,43,Male,Investment Banker,A savvy investment banker maximizing returns.
Zoe,30,Female,UX Designer,A user-centric UX designer enhancing digital experiences.
Gabriel,35,Male,Product Designer,A visionary product designer crafting innovative products.
Layla,28,Female,Executive Assistant,A reliable executive assistant supporting senior management.
Jacob,44,Male,Supply Chain Manager,A seasoned supply chain manager optimizing logistics.
Sofia,25,Female,Operations Manager,A proactive operations manager ensuring efficient processes.
Leo,36,Male,Statistician,A meticulous statistician analyzing data trends.
Ellie,29,Female,Human Resources Coordinator,A compassionate HR coordinator fostering employee well-being.
Lucy,33,Female,Interior Designer,A creative interior designer transforming spaces.
Elijah,47,Male,Physician Assistant,A dedicated physician assistant providing patient care.
Grace,31,Female,Market Research Analyst,A strategic market research analyst uncovering consumer insights.
Nicholas,38,Male,Construction Manager,A seasoned construction manager overseeing projects.
Madison,26,Female,Content Strategist,A strategic content strategist developing content plans.
Sebastian,40,Male,Technical Writer,A proficient technical writer simplifying complex concepts.
Hannah,28,Female,Recruiter,A proactive recruiter sourcing top talent.
Andrew,45,Male,Investment Analyst,A diligent investment analyst evaluating investment opportunities.
Addison,29,Female,Social Media Manager,A dynamic social media manager driving engagement.
Nathan,32,Male,Quality Assurance Analyst,A detail-oriented QA analyst ensuring product quality.
Lily,27,Female,Copywriter,A creative copywriter crafting compelling content.
Ryan,39,Male,Operations Analyst,A data-driven operations analyst optimizing business processes.
Aria,24,Female,UI Designer,A talented UI designer creating intuitive user interfaces.
David,41,Male,Public Health Analyst,A dedicated public health analyst promoting community wellness.
Aurora,30,Female,Community Manager,A proactive community manager fostering online communities.
Brayden,25,Male,Video Editor,A skilled video editor producing visually appealing content.
Stella,34,Female,Sales Manager,A dynamic sales manager driving revenue growth.
Owen,37,Male,UX Researcher,A meticulous UX researcher understanding user needs.
Leah,29,Female,Brand Manager,A strategic brand manager shaping brand identity.
Wyatt,43,Male,Database Administrator,A proficient database administrator managing data systems.
Nora,26,Female,Event Coordinator,A detail-oriented event coordinator executing flawless events.
Luke,35,Male,IT Consultant,A proactive IT consultant providing technology solutions.
Anna,31,Female,Healthcare Administrator,A compassionate healthcare administrator ensuring patient care.
Christian,28,Male,Social Worker,A dedicated social worker supporting vulnerable communities.
Bella,36,Female,Technical Support Specialist,A knowledgeable technical support specialist resolving IT issues.
Joseph,32,Male,Logistics Coordinator,A proactive logistics coordinator managing supply chains.
Violet,27,Female,Online Marketing Specialist,A savvy online marketing specialist driving digital campaigns.
Julian,39,Male,Network Engineer,A skilled network engineer optimizing network performance.
Clara,33,Female,Training Specialist,A proactive training specialist developing employee skills.
Gavin,28,Male,Financial Advisor,A knowledgeable financial advisor providing investment advice.